{
    "CV. Sentosa Sumber Mukjizat": [
        -0.024033911619479945,
        109.33987665422293
    ],
    "Baby Yank": [
        -0.027356290147552562,
        109.3405532228727
    ],
    "Apotek Makmur 2": [
        -0.03657556933071675,
        109.34213408661978
    ],
    "Apotek Mawar": [
        -0.029729050305785442,
        109.33720918661977
    ],
    "Multi Jaya Toko": [
        -0.02563792330462812,
        109.3432256867306
    ],
    "Mitra Anda": [
        -0.018771089000532103,
        109.32709292569047
    ],
    "Xing Mart": [
        -0.07786452339547204,
        109.35581002353905
    ]
}